PYPOWER-API;Recalculated power flow equations;2019-01-29 16:04:39.446979
RTU-API;Pass the commands to TOPOLOGY;2019-01-29 16:04:39.450903
PYPOWER-API;New command. Refresh topology.;2019-01-29 16:04:39.914019
PYPOWER-API;New topology received.;2019-01-29 16:04:39.916988
PYPOWER-API;Recalculated power flow equations;2019-01-29 16:04:39.943914
PYPOWER-API;Recalculated power flow equations;2019-01-29 16:04:40.440994
PYPOWER-API;Recalculated power flow equations;2019-01-29 16:04:40.939695
PYPOWER-API;Recalculated power flow equations;2019-01-29 16:04:41.437741
PYPOWER-API;Recalculated power flow equations;2019-01-29 16:04:41.940441
PYPOWER-API;Recalculated power flow equations;2019-01-29 16:04:42.436831
PYPOWER-API;Recalculated power flow equations;2019-01-29 16:04:42.940206
PYPOWER-API;Recalculated power flow equations;2019-01-29 16:04:43.439831
PYPOWER-API;Recalculated power flow equations;2019-01-29 16:04:43.940388
PYPOWER-API;Recalculated power flow equations;2019-01-29 16:04:44.441822
PYPOWER-API;Recalculated power flow equations;2019-01-29 16:04:44.937907
PYPOWER-API;Recalculated power flow equations;2019-01-29 16:04:45.437033
PYPOWER-API;Recalculated power flow equations;2019-01-29 16:04:45.938219
PYPOWER-API;Recalculated power flow equations;2019-01-29 16:04:46.440952
PYPOWER-API;Recalculated power flow equations;2019-01-29 16:04:46.953458
RTU-API;Pass the commands to TOPOLOGY;2019-01-29 16:04:46.959938
PYPOWER-API;New command. Refresh topology.;2019-01-29 16:04:47.414340
PYPOWER-API;New topology received.;2019-01-29 16:04:47.416938
PYPOWER-API;Recalculated power flow equations;2019-01-29 16:04:47.444210
PYPOWER-API;Recalculated power flow equations;2019-01-29 16:04:47.949424
PYPOWER-API;Recalculated power flow equations;2019-01-29 16:04:48.441406
PYPOWER-API;Recalculated power flow equations;2019-01-29 16:04:48.938965
PYPOWER-API;Recalculated power flow equations;2019-01-29 16:04:49.454777
PYPOWER-API;Recalculated power flow equations;2019-01-29 16:04:49.937848
PYPOWER-API;Recalculated power flow equations;2019-01-29 16:04:50.456871
PYPOWER-API;Recalculated power flow equations;2019-01-29 16:04:51.007866
PYPOWER-API;Recalculated power flow equations;2019-01-29 16:04:51.490565
PYPOWER-API;Recalculated power flow equations;2019-01-29 16:04:51.954471
RTU-API;Pass the commands to TOPOLOGY;2019-01-29 16:04:51.958397
PYPOWER-API;New command. Refresh topology.;2019-01-29 16:04:52.414212
PYPOWER-API;New topology received.;2019-01-29 16:04:52.417939
PYPOWER-API;Recalculated power flow equations;2019-01-29 16:04:52.470537
PYPOWER-API;Recalculated power flow equations;2019-01-29 16:04:52.952025
PYPOWER-API;Recalculated power flow equations;2019-01-29 16:04:53.515466
PYPOWER-API;Recalculated power flow equations;2019-01-29 16:04:54.053041
PYPOWER-API;Recalculated power flow equations;2019-01-29 16:04:54.492903
PYPOWER-API;Recalculated power flow equations;2019-01-29 16:04:54.959371
PYPOWER-API;Recalculated power flow equations;2019-01-29 16:04:55.457282
PYPOWER-API;Recalculated power flow equations;2019-01-29 16:04:55.964690
PYPOWER-API;Recalculated power flow equations;2019-01-29 16:04:56.452177
PYPOWER-API;Recalculated power flow equations;2019-01-29 16:04:56.988109
PYPOWER-API;Recalculated power flow equations;2019-01-29 16:04:57.469032
PYPOWER-API;Recalculated power flow equations;2019-01-29 16:04:57.954603
PYPOWER-API;Recalculated power flow equations;2019-01-29 16:04:58.466510
PYPOWER-API;Recalculated power flow equations;2019-01-29 16:04:58.945325
PYPOWER-API;Recalculated power flow equations;2019-01-29 16:04:59.453378
PYPOWER-API;Recalculated power flow equations;2019-01-29 16:04:59.950548
PYPOWER-API;Recalculated power flow equations;2019-01-29 16:05:00.509558
PYPOWER-API;Recalculated power flow equations;2019-01-29 16:05:00.940090
PYPOWER-API;Recalculated power flow equations;2019-01-29 16:05:01.443510
PYPOWER-API;Recalculated power flow equations;2019-01-29 16:05:01.958630
PYPOWER-API;Recalculated power flow equations;2019-01-29 16:05:02.443168
PYPOWER-API;Recalculated power flow equations;2019-01-29 16:05:02.941922
PYPOWER-API;Recalculated power flow equations;2019-01-29 16:05:03.460809
RTU-API;Pass the commands to TOPOLOGY;2019-01-29 16:05:03.465550
PYPOWER-API;New command. Refresh topology.;2019-01-29 16:05:03.912492
PYPOWER-API;New topology received.;2019-01-29 16:05:03.914632
PYPOWER-API;Recalculated power flow equations;2019-01-29 16:05:03.926610
PYPOWER-API;Recalculated power flow equations;2019-01-29 16:05:04.424254
PYPOWER-API;Recalculated power flow equations;2019-01-29 16:05:04.927033
PYPOWER-API;Recalculated power flow equations;2019-01-29 16:05:05.425113
PYPOWER-API;Recalculated power flow equations;2019-01-29 16:05:05.923406
PYPOWER-API;Recalculated power flow equations;2019-01-29 16:05:06.429466
PYPOWER-API;Recalculated power flow equations;2019-01-29 16:05:06.926815
PYPOWER-API;Recalculated power flow equations;2019-01-29 16:05:07.428401
PYPOWER-API;Recalculated power flow equations;2019-01-29 16:05:07.928538
PYPOWER-API;Recalculated power flow equations;2019-01-29 16:05:08.451934
PYPOWER-API;Recalculated power flow equations;2019-01-29 16:05:08.934539
PYPOWER-API;Recalculated power flow equations;2019-01-29 16:05:09.427565
PYPOWER-API;Recalculated power flow equations;2019-01-29 16:05:09.926489
PYPOWER-API;Recalculated power flow equations;2019-01-29 16:05:10.425197
PYPOWER-API;Recalculated power flow equations;2019-01-29 16:05:10.931716
PYPOWER-API;Recalculated power flow equations;2019-01-29 16:05:11.436838
PYPOWER-API;Recalculated power flow equations;2019-01-29 16:05:11.932157
PYPOWER-API;Recalculated power flow equations;2019-01-29 16:05:12.428948
PYPOWER-API;Recalculated power flow equations;2019-01-29 16:05:12.938034
PYPOWER-API;Recalculated power flow equations;2019-01-29 16:05:13.434441
PYPOWER-API;Recalculated power flow equations;2019-01-29 16:05:13.933411
PYPOWER-API;Recalculated power flow equations;2019-01-29 16:05:14.434583
PYPOWER-API;Recalculated power flow equations;2019-01-29 16:05:14.937065
PYPOWER-API;Recalculated power flow equations;2019-01-29 16:05:15.435848
PYPOWER-API;Recalculated power flow equations;2019-01-29 16:05:15.929656
PYPOWER-API;Recalculated power flow equations;2019-01-29 16:05:16.431921
PYPOWER-API;Recalculated power flow equations;2019-01-29 16:05:16.936331
PYPOWER-API;Recalculated power flow equations;2019-01-29 16:05:17.454330
PYPOWER-API;Recalculated power flow equations;2019-01-29 16:05:17.939477
PYPOWER-API;Recalculated power flow equations;2019-01-29 16:05:18.431555
PYPOWER-API;Recalculated power flow equations;2019-01-29 16:05:18.932421
PYPOWER-API;Recalculated power flow equations;2019-01-29 16:05:19.439081
PYPOWER-API;Recalculated power flow equations;2019-01-29 16:05:19.929246
PYPOWER-API;Recalculated power flow equations;2019-01-29 16:05:20.443598
RTU-API;Pass the commands to TOPOLOGY;2019-01-29 16:05:20.460400
PYPOWER-API;New command. Refresh topology.;2019-01-29 16:05:20.918890
PYPOWER-API;New topology received.;2019-01-29 16:05:20.930500
PYPOWER-API;Recalculated power flow equations;2019-01-29 16:05:21.138897
PYPOWER-API;Recalculated power flow equations;2019-01-29 16:05:21.497015
PYPOWER-API;Recalculated power flow equations;2019-01-29 16:05:21.957193
PYPOWER-API;Recalculated power flow equations;2019-01-29 16:05:22.455319
PYPOWER-API;Recalculated power flow equations;2019-01-29 16:05:22.968518
PYPOWER-API;Recalculated power flow equations;2019-01-29 16:05:23.502769
PYPOWER-API;Recalculated power flow equations;2019-01-29 16:05:23.959408
PYPOWER-API;Recalculated power flow equations;2019-01-29 16:05:24.463988
PYPOWER-API;Recalculated power flow equations;2019-01-29 16:05:24.961294
PYPOWER-API;Recalculated power flow equations;2019-01-29 16:05:25.461158
PYPOWER-API;Recalculated power flow equations;2019-01-29 16:05:25.968161
PYPOWER-API;Recalculated power flow equations;2019-01-29 16:05:26.495297
PYPOWER-API;Recalculated power flow equations;2019-01-29 16:05:26.952667
PYPOWER-API;Recalculated power flow equations;2019-01-29 16:05:27.452646
PYPOWER-API;Recalculated power flow equations;2019-01-29 16:05:27.964315
PYPOWER-API;Recalculated power flow equations;2019-01-29 16:05:28.462023
PYPOWER-API;Recalculated power flow equations;2019-01-29 16:05:28.954857
PYPOWER-API;Recalculated power flow equations;2019-01-29 16:05:29.451019
PYPOWER-API;Recalculated power flow equations;2019-01-29 16:05:29.954282
PYPOWER-API;Recalculated power flow equations;2019-01-29 16:05:30.457194
PYPOWER-API;Recalculated power flow equations;2019-01-29 16:05:30.955388
PYPOWER-API;Recalculated power flow equations;2019-01-29 16:05:31.454731
PYPOWER-API;Recalculated power flow equations;2019-01-29 16:05:31.963783
PYPOWER-API;Recalculated power flow equations;2019-01-29 16:05:32.461403
PYPOWER-API;Recalculated power flow equations;2019-01-29 16:05:32.956848
PYPOWER-API;Recalculated power flow equations;2019-01-29 16:05:33.453052
PYPOWER-API;Recalculated power flow equations;2019-01-29 16:05:33.950802
PYPOWER-API;Recalculated power flow equations;2019-01-29 16:05:34.492110
PYPOWER-API;Recalculated power flow equations;2019-01-29 16:05:34.950673
PYPOWER-API;Recalculated power flow equations;2019-01-29 16:05:35.449475
PYPOWER-API;Recalculated power flow equations;2019-01-29 16:05:35.956490
PYPOWER-API;Recalculated power flow equations;2019-01-29 16:05:36.450499
PYPOWER-API;Recalculated power flow equations;2019-01-29 16:05:37.000614
PYPOWER-API;Recalculated power flow equations;2019-01-29 16:05:37.459656
RTU-API;Pass the commands to TOPOLOGY;2019-01-29 16:05:37.469370
PYPOWER-API;New command. Refresh topology.;2019-01-29 16:05:37.914400
PYPOWER-API;New topology received.;2019-01-29 16:05:37.919139
PYPOWER-API;Recalculated power flow equations;2019-01-29 16:05:37.967991
PYPOWER-API;Recalculated power flow equations;2019-01-29 16:05:38.451033
PYPOWER-API;Recalculated power flow equations;2019-01-29 16:05:38.954029
PYPOWER-API;Recalculated power flow equations;2019-01-29 16:05:39.457557
PYPOWER-API;Recalculated power flow equations;2019-01-29 16:05:39.978309
PYPOWER-API;Recalculated power flow equations;2019-01-29 16:05:40.464925
PYPOWER-API;Recalculated power flow equations;2019-01-29 16:05:40.951915
PYPOWER-API;Recalculated power flow equations;2019-01-29 16:05:41.452733
PYPOWER-API;Recalculated power flow equations;2019-01-29 16:05:41.971722
PYPOWER-API;Recalculated power flow equations;2019-01-29 16:05:42.456103
PYPOWER-API;Recalculated power flow equations;2019-01-29 16:05:42.991524
PYPOWER-API;Recalculated power flow equations;2019-01-29 16:05:43.458640
PYPOWER-API;Recalculated power flow equations;2019-01-29 16:05:43.954776
PYPOWER-API;Recalculated power flow equations;2019-01-29 16:05:44.456179
PYPOWER-API;Recalculated power flow equations;2019-01-29 16:05:44.955359
PYPOWER-API;Recalculated power flow equations;2019-01-29 16:05:45.456039
PYPOWER-API;Recalculated power flow equations;2019-01-29 16:05:45.955069
PYPOWER-API;Recalculated power flow equations;2019-01-29 16:05:46.456656
PYPOWER-API;Recalculated power flow equations;2019-01-29 16:05:46.958447
PYPOWER-API;Recalculated power flow equations;2019-01-29 16:05:47.455836
PYPOWER-API;Recalculated power flow equations;2019-01-29 16:05:47.961749
PYPOWER-API;Recalculated power flow equations;2019-01-29 16:05:48.455274
PYPOWER-API;Recalculated power flow equations;2019-01-29 16:05:48.960119
PYPOWER-API;Recalculated power flow equations;2019-01-29 16:05:49.458218
PYPOWER-API;Recalculated power flow equations;2019-01-29 16:05:49.958689
PYPOWER-API;Recalculated power flow equations;2019-01-29 16:05:50.456232
PYPOWER-API;Recalculated power flow equations;2019-01-29 16:05:50.957494
PYPOWER-API;Recalculated power flow equations;2019-01-29 16:05:51.466114
PYPOWER-API;Recalculated power flow equations;2019-01-29 16:05:51.960949
PYPOWER-API;Recalculated power flow equations;2019-01-29 16:05:52.462313
PYPOWER-API;Recalculated power flow equations;2019-01-29 16:05:52.961565
PYPOWER-API;Recalculated power flow equations;2019-01-29 16:05:53.458569
PYPOWER-API;Recalculated power flow equations;2019-01-29 16:05:53.981831
PYPOWER-API;Recalculated power flow equations;2019-01-29 16:05:54.465562
RTU-API;Pass the commands to TOPOLOGY;2019-01-29 16:05:54.479079
PYPOWER-API;New command. Refresh topology.;2019-01-29 16:05:54.918777
PYPOWER-API;New topology received.;2019-01-29 16:05:54.924506
PYPOWER-API;Recalculated power flow equations;2019-01-29 16:05:54.963895
PYPOWER-API;Recalculated power flow equations;2019-01-29 16:05:55.460952
PYPOWER-API;Recalculated power flow equations;2019-01-29 16:05:55.958959
PYPOWER-API;Recalculated power flow equations;2019-01-29 16:05:56.457613
PYPOWER-API;Recalculated power flow equations;2019-01-29 16:05:56.967693
PYPOWER-API;Recalculated power flow equations;2019-01-29 16:05:57.464045
PYPOWER-API;Recalculated power flow equations;2019-01-29 16:05:57.963132
PYPOWER-API;Recalculated power flow equations;2019-01-29 16:05:58.459711
PYPOWER-API;Recalculated power flow equations;2019-01-29 16:05:58.956716
PYPOWER-API;Recalculated power flow equations;2019-01-29 16:05:59.456582
PYPOWER-API;Recalculated power flow equations;2019-01-29 16:05:59.985931
PYPOWER-API;Recalculated power flow equations;2019-01-29 16:06:00.454753
PYPOWER-API;Recalculated power flow equations;2019-01-29 16:06:00.953510
PYPOWER-API;Recalculated power flow equations;2019-01-29 16:06:01.454628
PYPOWER-API;Recalculated power flow equations;2019-01-29 16:06:01.964773
PYPOWER-API;Recalculated power flow equations;2019-01-29 16:06:02.464566
PYPOWER-API;Recalculated power flow equations;2019-01-29 16:06:02.966975
PYPOWER-API;Recalculated power flow equations;2019-01-29 16:06:03.461473
PYPOWER-API;Recalculated power flow equations;2019-01-29 16:06:03.958308
PYPOWER-API;Recalculated power flow equations;2019-01-29 16:06:04.460411
PYPOWER-API;Recalculated power flow equations;2019-01-29 16:06:04.956243
PYPOWER-API;Recalculated power flow equations;2019-01-29 16:06:05.472267
PYPOWER-API;Recalculated power flow equations;2019-01-29 16:06:05.953734
PYPOWER-API;Recalculated power flow equations;2019-01-29 16:06:06.462280
PYPOWER-API;Recalculated power flow equations;2019-01-29 16:06:06.951619
PYPOWER-API;Recalculated power flow equations;2019-01-29 16:06:07.456223
PYPOWER-API;Recalculated power flow equations;2019-01-29 16:06:07.961756
PYPOWER-API;Recalculated power flow equations;2019-01-29 16:06:08.457549
PYPOWER-API;Recalculated power flow equations;2019-01-29 16:06:08.954307
PYPOWER-API;Recalculated power flow equations;2019-01-29 16:06:09.453834
PYPOWER-API;Recalculated power flow equations;2019-01-29 16:06:09.958756
PYPOWER-API;Recalculated power flow equations;2019-01-29 16:06:10.458852
PYPOWER-API;Recalculated power flow equations;2019-01-29 16:06:10.993255
PYPOWER-API;Recalculated power flow equations;2019-01-29 16:06:11.453175
PYPOWER-API;Recalculated power flow equations;2019-01-29 16:06:11.955220
RTU-API;Pass the commands to TOPOLOGY;2019-01-29 16:06:11.963677
PYPOWER-API;New command. Refresh topology.;2019-01-29 16:06:12.416986
PYPOWER-API;New topology received.;2019-01-29 16:06:12.419257
PYPOWER-API;Recalculated power flow equations;2019-01-29 16:06:12.436827
PYPOWER-API;Recalculated power flow equations;2019-01-29 16:06:12.935130
PYPOWER-API;Recalculated power flow equations;2019-01-29 16:06:13.434366
PYPOWER-API;Recalculated power flow equations;2019-01-29 16:06:13.934462
PYPOWER-API;Recalculated power flow equations;2019-01-29 16:06:14.434616
PYPOWER-API;Recalculated power flow equations;2019-01-29 16:06:14.930964
PYPOWER-API;Recalculated power flow equations;2019-01-29 16:06:15.434168
PYPOWER-API;Recalculated power flow equations;2019-01-29 16:06:15.933734
PYPOWER-API;Recalculated power flow equations;2019-01-29 16:06:16.431196
PYPOWER-API;Recalculated power flow equations;2019-01-29 16:06:16.942059
PYPOWER-API;Recalculated power flow equations;2019-01-29 16:06:17.440547
PYPOWER-API;Recalculated power flow equations;2019-01-29 16:06:17.940487
PYPOWER-API;Recalculated power flow equations;2019-01-29 16:06:18.442267
PYPOWER-API;Recalculated power flow equations;2019-01-29 16:06:18.933493
PYPOWER-API;Recalculated power flow equations;2019-01-29 16:06:19.434811
PYPOWER-API;Recalculated power flow equations;2019-01-29 16:06:19.933284
PYPOWER-API;Recalculated power flow equations;2019-01-29 16:06:20.431626
PYPOWER-API;Recalculated power flow equations;2019-01-29 16:06:20.945753
PYPOWER-API;Recalculated power flow equations;2019-01-29 16:06:21.434034
PYPOWER-API;Recalculated power flow equations;2019-01-29 16:06:21.936825
PYPOWER-API;Recalculated power flow equations;2019-01-29 16:06:22.434357
PYPOWER-API;Recalculated power flow equations;2019-01-29 16:06:22.940311
PYPOWER-API;Recalculated power flow equations;2019-01-29 16:06:23.432164
PYPOWER-API;Recalculated power flow equations;2019-01-29 16:06:23.936397
PYPOWER-API;Recalculated power flow equations;2019-01-29 16:06:24.440493
PYPOWER-API;Recalculated power flow equations;2019-01-29 16:06:24.935318
PYPOWER-API;Recalculated power flow equations;2019-01-29 16:06:25.437835
PYPOWER-API;Recalculated power flow equations;2019-01-29 16:06:25.939036
PYPOWER-API;Recalculated power flow equations;2019-01-29 16:06:26.434657
PYPOWER-API;Recalculated power flow equations;2019-01-29 16:06:26.937799
PYPOWER-API;Recalculated power flow equations;2019-01-29 16:06:27.445372
PYPOWER-API;Recalculated power flow equations;2019-01-29 16:06:27.954915
PYPOWER-API;Recalculated power flow equations;2019-01-29 16:06:28.431685
PYPOWER-API;Recalculated power flow equations;2019-01-29 16:06:28.935586
RTU-API;Pass the commands to TOPOLOGY;2019-01-29 16:06:28.942837
PYPOWER-API;New command. Refresh topology.;2019-01-29 16:06:29.418659
PYPOWER-API;New topology received.;2019-01-29 16:06:29.424536
PYPOWER-API;Recalculated power flow equations;2019-01-29 16:06:29.464704
PYPOWER-API;Recalculated power flow equations;2019-01-29 16:06:29.962958
PYPOWER-API;Recalculated power flow equations;2019-01-29 16:06:30.461058
PYPOWER-API;Recalculated power flow equations;2019-01-29 16:06:30.965279
PYPOWER-API;Recalculated power flow equations;2019-01-29 16:06:31.460043
PYPOWER-API;Recalculated power flow equations;2019-01-29 16:06:31.962001
PYPOWER-API;Recalculated power flow equations;2019-01-29 16:06:32.464300
PYPOWER-API;Recalculated power flow equations;2019-01-29 16:06:32.966022
PYPOWER-API;Recalculated power flow equations;2019-01-29 16:06:33.480444
PYPOWER-API;Recalculated power flow equations;2019-01-29 16:06:33.988297
PYPOWER-API;Recalculated power flow equations;2019-01-29 16:06:34.460197
PYPOWER-API;Recalculated power flow equations;2019-01-29 16:06:34.959379
PYPOWER-API;Recalculated power flow equations;2019-01-29 16:06:35.461581
PYPOWER-API;Recalculated power flow equations;2019-01-29 16:06:35.954221
PYPOWER-API;Recalculated power flow equations;2019-01-29 16:06:36.471596
PYPOWER-API;Recalculated power flow equations;2019-01-29 16:06:36.954899
PYPOWER-API;Recalculated power flow equations;2019-01-29 16:06:37.455790
PYPOWER-API;Recalculated power flow equations;2019-01-29 16:06:37.964562
PYPOWER-API;Recalculated power flow equations;2019-01-29 16:06:38.457679
PYPOWER-API;Recalculated power flow equations;2019-01-29 16:06:38.967010
PYPOWER-API;Recalculated power flow equations;2019-01-29 16:06:39.466824
PYPOWER-API;Recalculated power flow equations;2019-01-29 16:06:39.959207
PYPOWER-API;Recalculated power flow equations;2019-01-29 16:06:40.459547
PYPOWER-API;Recalculated power flow equations;2019-01-29 16:06:40.957061
PYPOWER-API;Recalculated power flow equations;2019-01-29 16:06:41.459419
PYPOWER-API;Recalculated power flow equations;2019-01-29 16:06:41.958186
PYPOWER-API;Recalculated power flow equations;2019-01-29 16:06:42.457627
PYPOWER-API;Recalculated power flow equations;2019-01-29 16:06:42.964891
PYPOWER-API;Recalculated power flow equations;2019-01-29 16:06:43.458605
PYPOWER-API;Recalculated power flow equations;2019-01-29 16:06:43.958528
PYPOWER-API;Recalculated power flow equations;2019-01-29 16:06:44.490616
PYPOWER-API;Recalculated power flow equations;2019-01-29 16:06:44.961806
PYPOWER-API;Recalculated power flow equations;2019-01-29 16:06:45.455192
PYPOWER-API;Recalculated power flow equations;2019-01-29 16:06:45.953037
RTU-API;Pass the commands to TOPOLOGY;2019-01-29 16:06:45.959971
PYPOWER-API;New command. Refresh topology.;2019-01-29 16:06:46.416225
PYPOWER-API;New topology received.;2019-01-29 16:06:46.418303
PYPOWER-API;Recalculated power flow equations;2019-01-29 16:06:46.470582
PYPOWER-API;Recalculated power flow equations;2019-01-29 16:06:46.961145
PYPOWER-API;Recalculated power flow equations;2019-01-29 16:06:47.478971
PYPOWER-API;Recalculated power flow equations;2019-01-29 16:06:47.969421
PYPOWER-API;Recalculated power flow equations;2019-01-29 16:06:48.455920
PYPOWER-API;Recalculated power flow equations;2019-01-29 16:06:48.951951
PYPOWER-API;Recalculated power flow equations;2019-01-29 16:06:49.456384
PYPOWER-API;Recalculated power flow equations;2019-01-29 16:06:49.956322
PYPOWER-API;Recalculated power flow equations;2019-01-29 16:06:50.496739
PYPOWER-API;Recalculated power flow equations;2019-01-29 16:06:50.960103
PYPOWER-API;Recalculated power flow equations;2019-01-29 16:06:51.455959
PYPOWER-API;Recalculated power flow equations;2019-01-29 16:06:51.955770
PYPOWER-API;Recalculated power flow equations;2019-01-29 16:06:52.456274
PYPOWER-API;Recalculated power flow equations;2019-01-29 16:06:52.962689
PYPOWER-API;Recalculated power flow equations;2019-01-29 16:06:53.486356
PYPOWER-API;Recalculated power flow equations;2019-01-29 16:06:53.956855
PYPOWER-API;Recalculated power flow equations;2019-01-29 16:06:54.460651
PYPOWER-API;Recalculated power flow equations;2019-01-29 16:06:54.958864
PYPOWER-API;Recalculated power flow equations;2019-01-29 16:06:55.456610
PYPOWER-API;Recalculated power flow equations;2019-01-29 16:06:55.959074
PYPOWER-API;Recalculated power flow equations;2019-01-29 16:06:56.457957
PYPOWER-API;Recalculated power flow equations;2019-01-29 16:06:56.966277
PYPOWER-API;Recalculated power flow equations;2019-01-29 16:06:57.458772
PYPOWER-API;Recalculated power flow equations;2019-01-29 16:06:57.962569
PYPOWER-API;Recalculated power flow equations;2019-01-29 16:06:58.460829
PYPOWER-API;Recalculated power flow equations;2019-01-29 16:06:58.959899
PYPOWER-API;Recalculated power flow equations;2019-01-29 16:06:59.460638
PYPOWER-API;Recalculated power flow equations;2019-01-29 16:06:59.960994
PYPOWER-API;Recalculated power flow equations;2019-01-29 16:07:00.461534
PYPOWER-API;Recalculated power flow equations;2019-01-29 16:07:01.051679
PYPOWER-API;Recalculated power flow equations;2019-01-29 16:07:01.543803
PYPOWER-API;Recalculated power flow equations;2019-01-29 16:07:02.025670
PYPOWER-API;Recalculated power flow equations;2019-01-29 16:07:02.493936
PYPOWER-API;Recalculated power flow equations;2019-01-29 16:07:03.036418
PYPOWER-API;Recalculated power flow equations;2019-01-29 16:07:03.485601
PYPOWER-API;Recalculated power flow equations;2019-01-29 16:07:03.981602
PYPOWER-API;Recalculated power flow equations;2019-01-29 16:07:04.540825
PYPOWER-API;Recalculated power flow equations;2019-01-29 16:07:04.992057
PYPOWER-API;Recalculated power flow equations;2019-01-29 16:07:05.459782
PYPOWER-API;Recalculated power flow equations;2019-01-29 16:07:05.967399
PYPOWER-API;Recalculated power flow equations;2019-01-29 16:07:06.461410
PYPOWER-API;Recalculated power flow equations;2019-01-29 16:07:06.961543
PYPOWER-API;Recalculated power flow equations;2019-01-29 16:07:07.478611
PYPOWER-API;Recalculated power flow equations;2019-01-29 16:07:07.966023
PYPOWER-API;Recalculated power flow equations;2019-01-29 16:07:08.460896
PYPOWER-API;Recalculated power flow equations;2019-01-29 16:07:08.961092
PYPOWER-API;Recalculated power flow equations;2019-01-29 16:07:09.464206
PYPOWER-API;Recalculated power flow equations;2019-01-29 16:07:09.960265
PYPOWER-API;Recalculated power flow equations;2019-01-29 16:07:10.503885
PYPOWER-API;Recalculated power flow equations;2019-01-29 16:07:10.983422
PYPOWER-API;Recalculated power flow equations;2019-01-29 16:07:11.465987
PYPOWER-API;Recalculated power flow equations;2019-01-29 16:07:11.954032
PYPOWER-API;Recalculated power flow equations;2019-01-29 16:07:12.459370
PYPOWER-API;Recalculated power flow equations;2019-01-29 16:07:12.967333
PYPOWER-API;Recalculated power flow equations;2019-01-29 16:07:13.461904
PYPOWER-API;Recalculated power flow equations;2019-01-29 16:07:13.955349
PYPOWER-API;Recalculated power flow equations;2019-01-29 16:07:14.458362
PYPOWER-API;Recalculated power flow equations;2019-01-29 16:07:14.966552
PYPOWER-API;Recalculated power flow equations;2019-01-29 16:07:15.491795
PYPOWER-API;Recalculated power flow equations;2019-01-29 16:07:15.968721
PYPOWER-API;Recalculated power flow equations;2019-01-29 16:07:16.456488
PYPOWER-API;Recalculated power flow equations;2019-01-29 16:07:16.956211
PYPOWER-API;Recalculated power flow equations;2019-01-29 16:07:17.460079
